-- phpMyAdmin SQL Dump
-- version 4.8.3
-- https://www.phpmyadmin.net/
--
-- Servidor: 127.0.0.1
-- Tiempo de generación: 25-01-2019 a las 04:44:52
-- Versión del servidor: 10.1.35-MariaDB
-- Versión de PHP: 7.2.9

SET SQL_MODE = "NO_AUTO_VALUE_ON_ZERO";
SET AUTOCOMMIT = 0;
START TRANSACTION;
SET time_zone = "+00:00";


/*!40101 SET @OLD_CHARACTER_SET_CLIENT=@@CHARACTER_SET_CLIENT */;
/*!40101 SET @OLD_CHARACTER_SET_RESULTS=@@CHARACTER_SET_RESULTS */;
/*!40101 SET @OLD_COLLATION_CONNECTION=@@COLLATION_CONNECTION */;
/*!40101 SET NAMES utf8mb4 */;

--
-- Base de datos: `seminuevos`
--

-- --------------------------------------------------------

--
-- Estructura de tabla para la tabla `marcas`
--

CREATE TABLE `marcas` (
  `id` int(10) UNSIGNED NOT NULL,
  `nombre` varchar(191) COLLATE utf8mb4_unicode_ci NOT NULL,
  `created_at` timestamp NULL DEFAULT NULL,
  `updated_at` timestamp NULL DEFAULT NULL
) ENGINE=InnoDB DEFAULT CHARSET=utf8mb4 COLLATE=utf8mb4_unicode_ci;

--
-- Volcado de datos para la tabla `marcas`
--

INSERT INTO `marcas` (`id`, `nombre`, `created_at`, `updated_at`) VALUES
(1, 'Acura', '2019-01-21 06:00:00', '2019-01-21 06:00:00'),
(2, 'Alfa Romeo', '2019-01-21 06:00:00', '2019-01-21 06:00:00'),
(3, 'Audi', '2019-01-21 06:00:00', '2019-01-21 06:00:00'),
(4, 'Baic', '2019-01-21 06:00:00', '2019-01-21 06:00:00'),
(5, 'BMW', '2019-01-21 06:00:00', '2019-01-21 06:00:00'),
(6, 'Buick', '2019-01-21 06:00:00', '2019-01-21 06:00:00'),
(7, 'Cadillac', '2019-01-21 06:00:00', '2019-01-21 06:00:00'),
(8, 'Chevroleft', '2019-01-21 06:00:00', '2019-01-21 06:00:00'),
(9, 'Chrysler', '2019-01-21 06:00:00', '2019-01-21 06:00:00'),
(10, 'Dodge', '2019-01-21 06:00:00', '2019-01-21 06:00:00'),
(11, 'FAW', '2019-01-21 06:00:00', '2019-01-21 06:00:00'),
(12, 'FIAT', '2019-01-21 06:00:00', '2019-01-21 06:00:00'),
(13, 'Ford', '2019-01-21 06:00:00', '2019-01-21 06:00:00'),
(14, 'Giant', '2019-01-21 06:00:00', '2019-01-21 06:00:00'),
(15, 'GMO', '2019-01-21 06:00:00', '2019-01-21 06:00:00'),
(16, 'Honda', '2019-01-21 06:00:00', '2019-01-21 06:00:00'),
(17, 'Hummer', '2019-01-21 06:00:00', '2019-01-21 06:00:00'),
(18, 'Hyundai', '2019-01-21 06:00:00', '2019-01-21 06:00:00'),
(19, 'Infiniti', '2019-01-21 06:00:00', '2019-01-21 06:00:00'),
(20, 'Isuzu', '2019-01-21 06:00:00', '2019-01-21 06:00:00'),
(21, 'Jaguar', '2019-01-21 06:00:00', '2019-01-21 06:00:00'),
(22, 'JAC', '2019-01-21 06:00:00', '2019-01-21 06:00:00'),
(23, 'JEEP', '2019-01-21 06:00:00', '2019-01-21 06:00:00'),
(24, 'KIA', '2019-01-21 06:00:00', '2019-01-21 06:00:00'),
(25, 'Land Rover', '2019-01-21 06:00:00', '2019-01-21 06:00:00'),
(26, 'Lincoln', '2019-01-21 06:00:00', '2019-01-21 06:00:00'),
(27, 'Mazda', '2019-01-21 06:00:00', '2019-01-21 06:00:00'),
(28, 'Mercedes - Benza', '2019-01-21 06:00:00', '2019-01-21 06:00:00'),
(29, 'Mercury', '2019-01-21 06:00:00', '2019-01-21 06:00:00'),
(30, 'Mini', '2019-01-21 06:00:00', '2019-01-21 06:00:00'),
(31, 'Mitsubishi', '2019-01-21 06:00:00', '2019-01-21 06:00:00'),
(32, 'Nissan', '2019-01-21 06:00:00', '2019-01-21 06:00:00'),
(33, 'Peugeot', '2019-01-21 06:00:00', '2019-01-21 06:00:00'),
(34, 'Pontiac', '2019-01-21 06:00:00', '2019-01-21 06:00:00'),
(35, 'Porsche', '2019-01-21 06:00:00', '2019-01-21 06:00:00'),
(36, 'Renault', '2019-01-21 06:00:00', '2019-01-21 06:00:00'),
(37, 'SAAB', '2019-01-21 06:00:00', '2019-01-21 06:00:00'),
(38, 'SEAT', '2019-01-21 06:00:00', '2019-01-21 06:00:00'),
(39, 'Smart', '2019-01-21 06:00:00', '2019-01-21 06:00:00'),
(40, 'Subaru', '2019-01-21 06:00:00', '2019-01-21 06:00:00'),
(41, 'Suzuki', '2019-01-21 06:00:00', '2019-01-21 06:00:00'),
(42, 'Toyota', '2019-01-21 06:00:00', '2019-01-21 06:00:00'),
(43, 'Volkswagen', '2019-01-21 06:00:00', '2019-01-21 06:00:00'),
(44, 'Volvo', '2019-01-21 06:00:00', '2019-01-21 06:00:00');

-- --------------------------------------------------------

--
-- Estructura de tabla para la tabla `modelos`
--

CREATE TABLE `modelos` (
  `id` int(10) UNSIGNED NOT NULL,
  `marca_id` int(10) UNSIGNED NOT NULL,
  `nombre` varchar(191) COLLATE utf8mb4_unicode_ci NOT NULL,
  `year` varchar(191) COLLATE utf8mb4_unicode_ci NOT NULL,
  `created_at` timestamp NULL DEFAULT NULL,
  `updated_at` timestamp NULL DEFAULT NULL
) ENGINE=InnoDB DEFAULT CHARSET=utf8mb4 COLLATE=utf8mb4_unicode_ci;

--
-- Volcado de datos para la tabla `modelos`
--

INSERT INTO `modelos` (`id`, `marca_id`, `nombre`, `year`, `created_at`, `updated_at`) VALUES
(1, 1, 'ILX', '2019-01-21 06:00:00', '0000-00-00 00:00:00', '2019-01-21 12:00:00'),
(2, 1, 'ILX', '2019-01-21 06:00:00', '0000-00-00 00:00:00', '2019-01-21 12:00:00'),
(3, 1, 'MDX', '2019-01-21 06:00:00', '0000-00-00 00:00:00', '2019-01-21 12:00:00'),
(4, 1, 'MDX', '2019-01-21 06:00:00', '0000-00-00 00:00:00', '2019-01-21 12:00:00'),
(5, 1, 'NSX', '2019-01-21 06:00:00', '0000-00-00 00:00:00', '2019-01-21 12:00:00'),
(6, 1, 'RDX', '2019-01-21 06:00:00', '0000-00-00 00:00:00', '2019-01-21 12:00:00'),
(7, 1, 'RDX', '2019-01-21 06:00:00', '0000-00-00 00:00:00', '2019-01-21 12:00:00'),
(8, 1, 'TLX', '2019-01-21 06:00:00', '0000-00-00 00:00:00', '2019-01-21 12:00:00'),
(9, 1, 'TLX', '2019-01-21 06:00:00', '0000-00-00 00:00:00', '2019-01-21 12:00:00'),
(10, 2, 'MITO', '2019-01-21 06:00:00', '0000-00-00 00:00:00', '2019-01-21 12:00:00'),
(11, 2, 'MITO', '2019-01-21 06:00:00', '0000-00-00 00:00:00', '2019-01-21 12:00:00'),
(12, 2, 'GIULIETTA', '2019-01-21 06:00:00', '0000-00-00 00:00:00', '2019-01-21 12:00:00'),
(13, 2, 'GIULIETTA', '2019-01-21 06:00:00', '0000-00-00 00:00:00', '2019-01-21 12:00:00'),
(14, 2, 'GIULIA', '2019-01-21 06:00:00', '0000-00-00 00:00:00', '2019-01-21 12:00:00'),
(15, 2, 'GIULIA', '2019-01-21 06:00:00', '0000-00-00 00:00:00', '2019-01-21 12:00:00'),
(16, 2, 'STELVIO', '2019-01-21 06:00:00', '0000-00-00 00:00:00', '2019-01-21 12:00:00'),
(17, 2, '4C', '2019-01-21 06:00:00', '0000-00-00 00:00:00', '2019-01-21 12:00:00'),
(18, 2, '4C', '2019-01-21 06:00:00', '0000-00-00 00:00:00', '2019-01-21 12:00:00'),
(19, 3, 'A1', '2019-01-21 06:00:00', '0000-00-00 00:00:00', '2019-01-21 12:00:00'),
(20, 3, 'A1', '2019-01-21 06:00:00', '0000-00-00 00:00:00', '2019-01-21 12:00:00'),
(21, 3, 'A3', '2019-01-21 06:00:00', '0000-00-00 00:00:00', '2019-01-21 12:00:00'),
(22, 3, 'A3', '2019-01-21 06:00:00', '0000-00-00 00:00:00', '2019-01-21 12:00:00'),
(23, 3, 'A4', '2019-01-21 06:00:00', '0000-00-00 00:00:00', '2019-01-21 12:00:00'),
(24, 3, 'A4', '2019-01-21 06:00:00', '0000-00-00 00:00:00', '2019-01-21 12:00:00'),
(25, 3, 'A5', '2019-01-21 06:00:00', '0000-00-00 00:00:00', '2019-01-21 12:00:00'),
(26, 3, 'A5', '2019-01-21 06:00:00', '0000-00-00 00:00:00', '2019-01-21 12:00:00'),
(27, 3, 'A6', '2019-01-21 06:00:00', '0000-00-00 00:00:00', '2019-01-21 12:00:00'),
(28, 3, 'A6', '2019-01-21 06:00:00', '0000-00-00 00:00:00', '2019-01-21 12:00:00'),
(29, 3, 'A7', '2019-01-21 06:00:00', '0000-00-00 00:00:00', '2019-01-21 12:00:00'),
(30, 3, 'A7', '2019-01-21 06:00:00', '0000-00-00 00:00:00', '2019-01-21 12:00:00'),
(31, 3, 'A8', '2019-01-21 06:00:00', '0000-00-00 00:00:00', '2019-01-21 12:00:00'),
(32, 3, 'A8', '2019-01-21 06:00:00', '0000-00-00 00:00:00', '2019-01-21 12:00:00'),
(33, 3, 'Q2', '2019-01-21 06:00:00', '0000-00-00 00:00:00', '2019-01-21 12:00:00'),
(34, 3, 'Q3', '2019-01-21 06:00:00', '0000-00-00 00:00:00', '2019-01-21 12:00:00'),
(35, 3, 'Q3', '2019-01-21 06:00:00', '0000-00-00 00:00:00', '2019-01-21 12:00:00'),
(36, 3, 'Q5', '2019-01-21 06:00:00', '0000-00-00 00:00:00', '2019-01-21 12:00:00'),
(37, 3, 'Q5', '2019-01-21 06:00:00', '0000-00-00 00:00:00', '2019-01-21 12:00:00'),
(38, 3, 'Q7', '2019-01-21 06:00:00', '0000-00-00 00:00:00', '2019-01-21 12:00:00'),
(39, 3, 'Q7', '2019-01-21 06:00:00', '0000-00-00 00:00:00', '2019-01-21 12:00:00'),
(40, 3, 'R8', '2019-01-21 06:00:00', '0000-00-00 00:00:00', '2019-01-21 12:00:00'),
(41, 3, 'R8', '2019-01-21 06:00:00', '0000-00-00 00:00:00', '2019-01-21 12:00:00'),
(42, 3, 'TT', '2019-01-21 06:00:00', '0000-00-00 00:00:00', '2019-01-21 12:00:00'),
(43, 3, 'TT', '2019-01-21 06:00:00', '0000-00-00 00:00:00', '2019-01-21 12:00:00'),
(44, 4, 'BJ40', '2019-01-21 06:00:00', '0000-00-00 00:00:00', '2019-01-21 12:00:00'),
(45, 4, 'D20', '2019-01-21 06:00:00', '0000-00-00 00:00:00', '2019-01-21 12:00:00'),
(46, 4, 'D20', '2019-01-21 06:00:00', '0000-00-00 00:00:00', '2019-01-21 12:00:00'),
(47, 4, 'D20', '2019-01-21 06:00:00', '0000-00-00 00:00:00', '2019-01-21 12:00:00'),
(48, 4, 'D20', '2019-01-21 06:00:00', '0000-00-00 00:00:00', '2019-01-21 12:00:00'),
(49, 4, 'x25', '2019-01-21 06:00:00', '0000-00-00 00:00:00', '2019-01-21 12:00:00'),
(50, 4, 'x25', '2019-01-21 06:00:00', '0000-00-00 00:00:00', '2019-01-21 12:00:00'),
(51, 4, 'x65', '2019-01-21 06:00:00', '0000-00-00 00:00:00', '2019-01-21 12:00:00'),
(52, 5, 'i5', '2019-01-21 06:00:00', '0000-00-00 00:00:00', '2019-01-21 12:00:00'),
(53, 5, 'i5', '2019-01-21 06:00:00', '0000-00-00 00:00:00', '2019-01-21 12:00:00'),
(54, 5, 'i8', '2019-01-21 06:00:00', '0000-00-00 00:00:00', '2019-01-21 12:00:00'),
(55, 5, 'i8', '2019-01-21 06:00:00', '0000-00-00 00:00:00', '2019-01-21 12:00:00'),
(56, 5, 'SERIE 1', '2019-01-21 06:00:00', '0000-00-00 00:00:00', '2019-01-21 12:00:00'),
(57, 5, 'SERIE 1', '2019-01-21 06:00:00', '0000-00-00 00:00:00', '2019-01-21 12:00:00'),
(58, 5, 'SERIE 2', '2019-01-21 06:00:00', '0000-00-00 00:00:00', '2019-01-21 12:00:00'),
(59, 5, 'SERIE 2', '2019-01-21 06:00:00', '0000-00-00 00:00:00', '2019-01-21 12:00:00'),
(60, 5, 'SERIE 3', '2019-01-21 06:00:00', '0000-00-00 00:00:00', '2019-01-21 12:00:00'),
(61, 5, 'SERIE 3', '2019-01-21 06:00:00', '0000-00-00 00:00:00', '2019-01-21 12:00:00'),
(62, 5, 'SERIE 4', '2019-01-21 06:00:00', '0000-00-00 00:00:00', '2019-01-21 12:00:00'),
(63, 5, 'SERIE 4', '2019-01-21 06:00:00', '0000-00-00 00:00:00', '2019-01-21 12:00:00'),
(64, 5, 'SERIE 5', '2019-01-21 06:00:00', '0000-00-00 00:00:00', '2019-01-21 12:00:00'),
(65, 5, 'SERIE 5', '2019-01-21 06:00:00', '0000-00-00 00:00:00', '2019-01-21 12:00:00'),
(66, 5, 'SERIE 6', '2019-01-21 06:00:00', '0000-00-00 00:00:00', '2019-01-21 12:00:00'),
(67, 5, 'SERIE 6', '2019-01-21 06:00:00', '0000-00-00 00:00:00', '2019-01-21 12:00:00'),
(68, 5, 'SERIE 7', '2019-01-21 06:00:00', '0000-00-00 00:00:00', '2019-01-21 12:00:00'),
(69, 5, 'SERIE 7', '2019-01-21 06:00:00', '0000-00-00 00:00:00', '2019-01-21 12:00:00'),
(70, 5, 'SERIE 8', '2019-01-21 06:00:00', '0000-00-00 00:00:00', '2019-01-21 12:00:00'),
(71, 5, 'Z4', '2019-01-21 06:00:00', '0000-00-00 00:00:00', '2019-01-21 12:00:00'),
(72, 5, 'Z4', '2019-01-21 06:00:00', '0000-00-00 00:00:00', '2019-01-21 12:00:00'),
(73, 5, 'Z4', '2019-01-21 06:00:00', '0000-00-00 00:00:00', '2019-01-21 12:00:00'),
(74, 5, 'Z3', '2019-01-21 06:00:00', '0000-00-00 00:00:00', '2019-01-21 12:00:00'),
(75, 5, 'Z3', '2019-01-21 06:00:00', '0000-00-00 00:00:00', '2019-01-21 12:00:00'),
(76, 5, 'Z3', '2019-01-21 06:00:00', '0000-00-00 00:00:00', '2019-01-21 12:00:00'),
(77, 5, 'Z3', '2019-01-21 06:00:00', '0000-00-00 00:00:00', '2019-01-21 12:00:00'),
(78, 5, 'Z3', '2019-01-21 06:00:00', '0000-00-00 00:00:00', '2019-01-21 12:00:00'),
(79, 5, 'Z3', '2019-01-21 06:00:00', '0000-00-00 00:00:00', '2019-01-21 12:00:00'),
(80, 5, 'Z3', '2019-01-21 06:00:00', '0000-00-00 00:00:00', '2019-01-21 12:00:00'),
(81, 5, 'X1', '2019-01-21 06:00:00', '0000-00-00 00:00:00', '2019-01-21 12:00:00'),
(82, 5, 'X1', '2019-01-21 06:00:00', '0000-00-00 00:00:00', '2019-01-21 12:00:00'),
(83, 5, 'X2', '2019-01-21 06:00:00', '0000-00-00 00:00:00', '2019-01-21 12:00:00'),
(84, 5, 'X3', '2019-01-21 06:00:00', '0000-00-00 00:00:00', '2019-01-21 12:00:00'),
(85, 5, 'X3', '2019-01-21 06:00:00', '0000-00-00 00:00:00', '2019-01-21 12:00:00'),
(86, 5, 'X4', '2019-01-21 06:00:00', '0000-00-00 00:00:00', '2019-01-21 12:00:00'),
(87, 5, 'X4', '2019-01-21 06:00:00', '0000-00-00 00:00:00', '2019-01-21 12:00:00'),
(88, 5, 'X5', '2019-01-21 06:00:00', '0000-00-00 00:00:00', '2019-01-21 12:00:00'),
(89, 5, 'X5', '2019-01-21 06:00:00', '0000-00-00 00:00:00', '2019-01-21 12:00:00'),
(90, 5, 'X6', '2019-01-21 06:00:00', '0000-00-00 00:00:00', '2019-01-21 12:00:00'),
(91, 5, 'X6', '2019-01-21 06:00:00', '0000-00-00 00:00:00', '2019-01-21 12:00:00');

-- --------------------------------------------------------

--
-- Estructura de tabla para la tabla `tipo_vehiculo`
--

CREATE TABLE `tipo_vehiculo` (
  `id` int(11) NOT NULL,
  `tipo` varchar(100) COLLATE utf8_spanish_ci NOT NULL
) ENGINE=InnoDB DEFAULT CHARSET=utf8 COLLATE=utf8_spanish_ci;

--
-- Volcado de datos para la tabla `tipo_vehiculo`
--

INSERT INTO `tipo_vehiculo` (`id`, `tipo`) VALUES
(1, 'auto'),
(2, 'moto'),
(3, 'auto clásico');

-- --------------------------------------------------------

--
-- Estructura de tabla para la tabla `vehiculo`
--

CREATE TABLE `vehiculo` (
  `id` int(11) NOT NULL,
  `id_marca` int(11) NOT NULL,
  `id_modelo` int(11) NOT NULL,
  `tipo_vehidulo` int(10) NOT NULL,
  `year` varchar(50) COLLATE utf8_spanish_ci NOT NULL,
  `kilometraje` varchar(100) COLLATE utf8_spanish_ci NOT NULL,
  `estilo_carroceria` varchar(100) COLLATE utf8_spanish_ci NOT NULL,
  `transmision` varchar(100) COLLATE utf8_spanish_ci NOT NULL,
  `tipo_manejo` varchar(100) COLLATE utf8_spanish_ci NOT NULL,
  `tipo_combustible` varchar(100) COLLATE utf8_spanish_ci NOT NULL,
  `color` varchar(100) COLLATE utf8_spanish_ci NOT NULL,
  `vestiduras` varchar(100) COLLATE utf8_spanish_ci NOT NULL,
  `equipamento` varchar(500) COLLATE utf8_spanish_ci NOT NULL,
  `condicion` varchar(100) COLLATE utf8_spanish_ci NOT NULL,
  `NIV` int(11) NOT NULL,
  `ultimo_digito_placa` int(11) DEFAULT NULL,
  `potencia` int(11) NOT NULL
) ENGINE=InnoDB DEFAULT CHARSET=utf8 COLLATE=utf8_spanish_ci;

--
-- Índices para tablas volcadas
--

--
-- Indices de la tabla `marcas`
--
ALTER TABLE `marcas`
  ADD PRIMARY KEY (`id`);

--
-- Indices de la tabla `modelos`
--
ALTER TABLE `modelos`
  ADD PRIMARY KEY (`id`),
  ADD KEY `modelos_marca_id_index` (`marca_id`);

--
-- Indices de la tabla `tipo_vehiculo`
--
ALTER TABLE `tipo_vehiculo`
  ADD PRIMARY KEY (`id`);

--
-- Indices de la tabla `vehiculo`
--
ALTER TABLE `vehiculo`
  ADD PRIMARY KEY (`id`);

--
-- AUTO_INCREMENT de las tablas volcadas
--

--
-- AUTO_INCREMENT de la tabla `marcas`
--
ALTER TABLE `marcas`
  MODIFY `id` int(10) UNSIGNED NOT NULL AUTO_INCREMENT, AUTO_INCREMENT=45;

--
-- AUTO_INCREMENT de la tabla `modelos`
--
ALTER TABLE `modelos`
  MODIFY `id` int(10) UNSIGNED NOT NULL AUTO_INCREMENT, AUTO_INCREMENT=92;

--
-- AUTO_INCREMENT de la tabla `tipo_vehiculo`
--
ALTER TABLE `tipo_vehiculo`
  MODIFY `id` int(11) NOT NULL AUTO_INCREMENT, AUTO_INCREMENT=4;

--
-- AUTO_INCREMENT de la tabla `vehiculo`
--
ALTER TABLE `vehiculo`
  MODIFY `id` int(11) NOT NULL AUTO_INCREMENT;

--
-- Restricciones para tablas volcadas
--

--
-- Filtros para la tabla `modelos`
--
ALTER TABLE `modelos`
  ADD CONSTRAINT `modelos_marca_id_foreign` FOREIGN KEY (`marca_id`) REFERENCES `marcas` (`id`) ON DELETE CASCADE;
COMMIT;

/*!40101 SET CHARACTER_SET_CLIENT=@OLD_CHARACTER_SET_CLIENT */;
/*!40101 SET CHARACTER_SET_RESULTS=@OLD_CHARACTER_SET_RESULTS */;
/*!40101 SET COLLATION_CONNECTION=@OLD_COLLATION_CONNECTION */;
